year,zillow_rent_index
2015,2542.45112817879
2016,2585.0981890333874
2017,2522.0616035426856
2018,2457.4444130993297
2019,2526.866672119508
2020,2389.994817646292
2021,2320.1068260149627
2022,2570.6550609206206
